{
  "project_info": {
    "project_number": "184950964037",
    "firebase_url": "https://flutter-chat-b9847.firebaseio.com",
    "project_id": "flutter-chat-b9847",
    "storage_bucket": "flutter-chat-b9847.appspot.com"
  },
  "client": [
    {
      "client_info": {
        "mobilesdk_app_id": "1:184950964037:android:36298d11bf18c50f",
        "android_client_info": {
          "package_name": "com.oli.flutter_chat"
        }
      },
      "oauth_client": [
        {
          "client_id": "184950964037-moqhlspssefc05bp521n5d3s2tisaa7l.apps.googleusercontent.com",
          "client_type": 3
        }
      ],
      "api_key": [
        {
          "current_key": "AIzaSyAY7AflDWW6vvRsPfhsgnAo9IxyOML14Nc"
        }
      ],
      "services": {
        "appinvite_service": {
          "other_platform_oauth_client": [
            {
              "client_id": "184950964037-moqhlspssefc05bp521n5d3s2tisaa7l.apps.googleusercontent.com",
              "client_type": 3
            }
          ]
        }
      }
    }
  ],
  "configuration_version": "1"
}